periode,judul,url,platform,jenis,kategori,tayangan,likes,komentar,repost,share,simpan,pengikut_baru
1–30 Sep 2026,Giveaway: Tebak Kata Berhadiah,https://www.instagram.com/p/CONTOH01/,instagram,postingan,giveaway,9800,410,310,,420,,
1–30 Sep 2026,Giveaway Time! Ikuti syarat dan menangkan,https://www.instagram.com/p/CONTOH02/,instagram,postingan,giveaway,7600,330,1900,,360,,
1–30 Sep 2026,Kuis Seru: Tebak Warna Favoritmu,https://www.instagram.com/p/CONTOH03/,instagram,postingan,quiz,7000,300,200,,340,,
1–30 Sep 2026,Game Pilih Pasangan Warna Hari Ini,https://www.instagram.com/p/CONTOH04/,instagram,postingan,game,5200,250,120,,190,,
1–30 Sep 2026,Pengumuman Pemenang Giveaway (1),https://www.instagram.com/p/CONTOH05/,instagram,story,winner,1800,150,15,,4,,
1–30 Sep 2026,Pengumuman Pemenang Giveaway (2),https://www.instagram.com/p/CONTOH06/,instagram,story,winner,1600,140,18,,3,,
1–30 Sep 2026,"Tampil rapi tanpa ribet, ini caranya",https://www.instagram.com/p/CONTOH07/,instagram,reel,organik,2400,95,48,,18,,
1–30 Sep 2026,"Satu atasan, tiga gaya berbeda untuk harian",https://www.instagram.com/p/CONTOH08/,instagram,postingan,organik,2100,118,42,,30,,
1–30 Sep 2026,Detail bahan yang nyaman dipakai seharian,https://www.instagram.com/p/CONTOH09/,instagram,postingan,organik,1900,110,36,,26,,
1–30 Sep 2026,Katalog baru minggu ini sudah tersedia,https://www.instagram.com/p/CONTOH10/,instagram,postingan,organik,1700,92,30,,22,,
1–30 Sep 2026,Cerita di balik koleksi terbaru kami,https://www.instagram.com/p/CONTOH11/,instagram,reel,organik,1600,88,34,,19,,
1–30 Sep 2026,Tips padu padan warna netral untuk kerja,https://www.instagram.com/p/CONTOH12/,instagram,postingan,organik,1500,104,28,,24,,
1–30 Sep 2026,Review pelanggan minggu ini,https://www.instagram.com/p/CONTOH13/,instagram,postingan,organik,1400,98,24,,12,,
1–30 Sep 2026,Intip proses produksi dari awal sampai akhir,https://www.instagram.com/p/CONTOH14/,instagram,reel,organik,1300,82,40,,17,,
1–30 Sep 2026,Inspirasi outfit akhir pekan yang santai,https://www.instagram.com/p/CONTOH15/,instagram,postingan,organik,1200,90,26,,15,,
1–30 Sep 2026,Koleksi terbaru dalam warna lembut musim ini,https://www.instagram.com/p/CONTOH16/,instagram,postingan,organik,1100,76,20,,10,,
